<?xml version="1.0" encoding="UTF-8" standalone="yes"?>
<addon id="plugin.video.tvicon" name="[B][COLOR red]iCON Tv[/B][/COLOR]" version="3.1.5" provider-name="[B][COLOR orange]iCON[/B][/COLOR]">
    <extension point="xbmc.addon.repository" name="iCON Tv">
        <dir>
            <info compressed="false">https://raw.githubusercontent.com/primercs/repo_kodi/master/repo/zips/addons.xml</info>
            <checksum>hhttps://raw.githubusercontent.com/primercs/repo_kodi/master/repo/zips/addons.xml.md5</checksum>
            <datadir zip="true">https://raw.githubusercontent.com/primercs/repo_kodi/master/repo/zips/</datadir>
        </dir>
    </extension>
    <extension point="xbmc.addon.metadata">
        <summary>iCON TV</summary>
        <description>Repositório iCON Tv</description>
        <disclaimer></disclaimer>
        <platform>all</platform>
        <assets>
            <icon>icon.png</icon>
            <fanart>fanart.jpg</fanart>
        </assets>
    </extension>
</addon>