<?xml version="1.0" encoding="UTF-8" standalone="yes"?>
<addon id="plugin.video.tvicon" name="[B][COLOR red]iCON Tv[/B][/COLOR]" version="3.1.5" provider-name="[B][COLOR orange]iCON[/B][/COLOR]">
  <extension point="xbmc.python.pluginsource"
			library="default.py">
		<provides>video</provides>
  </extension>
  <extension point="xbmc.addon.metadata">
	<summary lang="pt">[COLOR red]Este Addon de IPTV foi escrito para funcionar com XC e XCUI apenas para Kodi 19[/COLOR] </summary>
	<language>pt</language>
	<description lang="pt">[B][COLOR yellow]Este addon não fornece nem fornece nenhum conteúdo ilegal[/B][/COLOR].[COLOR red] * Se não tem experiencia com o KODI, sugiro pesquisar na internet informações sobre.[/COLOR]</description>
	<platform>all</platform>
	<assets>
		<icon>icon.png</icon>
		<fanart>fanart.jpg</fanart>
	</assets>
  </extension>
</addon>